claim_id,claim,theorem_or_argument,proof,checker_or_source,experiment,raw_result,figure_table,maturity,boundary,fresh_recheck
C01,All declared non-pruning finite workflow policies have the same terminal result set,decreasing-mass lemma; terminal-agreement theorem,"docs/proofs.md §§1,8",src/oracle.py; src/workflows.py,"8,256 world/policy terminal checks",results/workflows.json; results/policy-summary.csv,none,handwritten proof + finite checked,Finite acyclic pure workflows only; no unbounded fairness claim,"2026-09-19: clean-copy quick/full execution and semantic reconciliation passed; handwritten proofs self-audited, not independently reviewed or mechanically verified"
C02,The source compiler preserves cumulative result-set traces for six declared policies,compiler trace-correspondence proposition,"docs/proofs.md §§2,8",src/workflows.py; independent direct interpreter in src/oracle.py,"12,384 source/compiler world traces",results/workflows.json,none,handwritten proof + finite checked,Valid finite source trees; explicit compilation may expand,"2026-09-19: clean-copy quick/full execution and semantic reconciliation passed; handwritten proofs self-audited, not independently reviewed or mechanically verified"
C03,Future-key projection preserves exactly the finite common-world product paths,no-resurrection and one-step lifting; exact-path theorem,docs/proofs.md §3,src/model.py; src/producer.py; src/checker.py; src/path_checks.py,complete-small-domain depth-by-depth reduced/concrete path reconciliation plus repeated/reordered-key pilots,results/path-checks.json; results/pilot.json; results/selectors.jsonl,projection diagram,handwritten proof + finite checked,Not the coarsest semantic abstraction and not full EnCompass semantics,"2026-09-17: independent reconciler checked 131,904 pairs, 657,216 depth sets, and 890,465 state occurrences per side with zero mismatch; proof remains handwritten"
C04,A root-containing universally closed safe set is sound and complete for equivalence,positive-certificate theorem,docs/proofs.md §4,src/producer.py; separately implemented src/checker.py,every equivalent pair in all finite suites,results/validation-summary.csv; raw suite JSONL,validation table,handwritten proof + finite checked,Admission caps may return inconclusive; they never imply equivalence,"2026-09-19: clean-copy quick/full execution and semantic reconciliation passed; handwritten proofs self-audited, not independently reviewed or mechanically verified"
C05,A separating world plus ranked universal safe prefix certifies the globally least separating budget,safe-radius lemma; negative-certificate theorem,docs/proofs.md §4,src/oracle.py; src/producer.py; src/checker.py,every inequivalent pair plus malformed-rank/nonminimal-witness tests,results/validation-summary.csv; results/unit-tests.json,budget example; validation table,handwritten proof + finite checked,"Least instruction budget, not smallest world or smallest certificate","2026-09-19: clean-copy quick/full execution and semantic reconciliation passed; handwritten proofs self-audited, not independently reviewed or mechanically verified"
C06,First-discovery vectors characterize cumulative observations; fixed-order reduced signatures are canonical,discovery characterization and canonical-signature propositions,docs/proofs.md §5,src/oracle.py,two complete controller suites,results/two-node.json; results/three-node-*.json,none,handwritten specialization + finite checked,Canonicity is inherited from ordered decision representations; no optimal-order claim,"2026-09-19: clean-copy quick/full execution and semantic reconciliation passed; handwritten proofs self-audited, not independently reviewed or mechanically verified"
C07,Reachable reduced states are bounded by synchronized controls times 4^r 3^w,binding-support lemma; explicit-state-bound theorem,docs/proofs.md §5,src/model.py; src/producer.py,all validation suites,results/summary.json; raw suite JSONL,cache-state plot,handwritten proof + finite checked,Upper bound need not be tight; controllers are explicit and acyclic,"2026-09-19: clean-copy quick/full execution and semantic reconciliation passed; handwritten proofs self-audited, not independently reviewed or mechanically verified"
C08,The selector family has 2^k pairwise distinguishable conditioned residuals,conditional-residual proposition,"docs/proofs.md §§5,7",src/examples.py; src/theory_checks.py,"k=2,4,8 family instances",results/certificate-lower-bound.csv; results/selector-summary.csv,none,handwritten proof + finite construction check,No lower bound for arbitrary symbolic algorithms or proof languages,"2026-09-19: clean-copy quick/full execution and semantic reconciliation passed; handwritten proofs self-audited, not independently reviewed or mechanically verified"
C09,Equivalence of arbitrary finite explicit acyclic controllers is coNP-complete,polynomial witness and CNF/UNSAT reduction,docs/proofs.md §6,src/complexity.py; tests/test_certificates.py,small concrete CNF cases,results/unit-tests.json,none,handwritten proof + finite construction check,Not a hardness claim for only the six fixed source policies,"2026-09-19: clean-copy quick/full execution and semantic reconciliation passed; handwritten proofs self-audited, not independently reviewed or mechanically verified"
C10,Deciding that a supplied budget is the globally least separating budget is DP-complete,NP∩coNP membership; fixed-length SAT–UNSAT reduction,docs/proofs.md §6,src/complexity.py; src/theory_checks.py,64 ordered formula-pair instances,results/exact-budget-reduction.csv; results/theory-checks.json,reduction table,handwritten proof + finite construction check,Unit-cost finite acyclic controller language; DP is classical Boolean-hierarchy DP,"2026-09-19: clean-copy quick/full execution and semantic reconciliation passed; handwritten proofs self-audited, not independently reviewed or mechanically verified"
C11,Exact semantic irrelevance of a designated key at a node is coNP-complete,relevance witness; fresh-key UNSAT reduction,docs/proofs.md §6,src/complexity.py; src/theory_checks.py,"8 formula instances and 1,584-node census",results/semantic-key-reduction.csv; results/semantic-liveness-census.json,liveness table,handwritten proof + finite construction check,Observation is the complete cumulative result-set trace; syntactic future reads are only a sound overapproximation,"2026-09-19: clean-copy quick/full execution and semantic reconciliation passed; handwritten proofs self-audited, not independently reviewed or mechanically verified"
