name,url,license,resource_type,acquisition_method,integration_mode,supported_claim,internals_modified,access_date
"Banerjee et al., A Relational Program Logic with Data Abstraction and Dynamic Framing",https://doi.org/10.1145/3551497,Citation only; source not redistributed; publisher/author terms apply,scholarly source,primary full article inspected; calibration T1,Scholarly citation and theorem-level comparison only,"relational products, alignments, coupling relations, and non-subsumption boundary",no,2026-09-16
"Inverso et al., Bounded Verification of Multi-threaded Programs via Lazy Sequentialization",https://doi.org/10.1145/3478536,Citation only; source not redistributed; publisher/author terms apply,scholarly source,primary full article inspected; calibration T2,Scholarly citation and theorem-level comparison only,bounded exploration and reachability-preserving sequentialization boundary,no,2026-09-16
"Abate et al., An Extended Account of Trace-Relating Compiler Correctness and Secure Compilation",https://doi.org/10.1145/3460860,Citation only; source not redistributed; publisher/author terms apply,scholarly source,primary full article inspected; calibration T3,Scholarly citation and theorem-level comparison only,trace-relating correctness and hyperproperty boundary,no,2026-09-16
"Reps, Sagiv, Loginov, Finite Differencing of Logical Formulas for Static Analysis",https://doi.org/10.1145/1749608.1749613,Citation only; source not redistributed; publisher/author terms apply,scholarly source,primary full article inspected; calibration T4,Scholarly citation and theorem-level comparison only,dependency-aware maintenance and static-analysis comparison,no,2026-09-16
"Jeannet et al., A Relational Approach to Interprocedural Shape Analysis",https://doi.org/10.1145/1667048.1667050,Citation only; source not redistributed; publisher/author terms apply,scholarly source,primary full article inspected; calibration T5,Scholarly citation and theorem-level comparison only,relational abstraction terminology and interprocedural-summary boundary,no,2026-09-16
"Kalvala, Warburton, Lacey, Program Transformations Using Temporal Logic Side Conditions",https://doi.org/10.1145/1516507.1516509,Citation only; source not redistributed; publisher/author terms apply,scholarly source,primary full article inspected; calibration T6,Scholarly citation and theorem-level comparison only,formal transformation plus executable path calibration,no,2026-09-16
"Tardieu, A Deterministic Logical Semantics for Pure Esterel",https://doi.org/10.1145/1216374.1216376,Citation only; source not redistributed; publisher/author terms apply,scholarly source,primary full article inspected; calibration T7,Scholarly citation and theorem-level comparison only,semantic-design and determinism calibration,no,2026-09-16
"Botinčan, Dodds, Jagannathan, Proof-Directed Parallelization Synthesis by Separation Logic",https://doi.org/10.1145/2491522.2491525,Citation only; source not redistributed; publisher/author terms apply,scholarly source,primary full article inspected; calibration T8,Scholarly citation and theorem-level comparison only,proof-directed transformation and evidence-object comparison,no,2026-09-16
"Giacobazzi, Scozzari, A Logical Model for Relational Abstract Domains",https://doi.org/10.1145/293677.293680,Citation only; source not redistributed; publisher/author terms apply,scholarly source,primary full article inspected; calibration T9,Scholarly citation and theorem-level comparison only,relational abstract-domain and reduced-product terminology,no,2026-09-16
"Jagadeesan, Pingali, Panangaden, A Fully Abstract Semantics for a First-Order Functional Language with Logic Variables",https://doi.org/10.1145/115372.115371,Citation only; source not redistributed; publisher/author terms apply,scholarly source,primary full article inspected; calibration T10,Scholarly citation and theorem-level comparison only,shared logical variables and full-abstraction prior art,no,2026-09-16
"Clarke, Emerson, Sistla, Automatic Verification of Finite-State Concurrent Systems Using Temporal Logic Specifications",https://doi.org/10.1145/5397.5399,Citation only; source not redistributed; publisher/author terms apply,scholarly source,primary full article inspected; calibration T11,Scholarly citation and theorem-level comparison only,finite-state model-checking baseline,no,2026-09-16
"Paige, Koenig, Finite Differencing of Computable Expressions",https://doi.org/10.1145/357172.357177,Citation only; source not redistributed; publisher/author terms apply,scholarly source,primary full article inspected; calibration T12,Scholarly citation and theorem-level comparison only,formal transformation and consequential-example calibration,no,2026-09-16
"Bryant, Graph-Based Algorithms for Boolean Function Manipulation",https://doi.org/10.1109/TC.1986.1676819,Citation only; source not redistributed; publisher/author terms apply,scholarly source,primary full article inspected; calibration I1,Scholarly citation and theorem-level comparison only,fixed-order decision-diagram canonicity and size sensitivity,no,2026-09-16
"Cousot and Cousot, Abstract Interpretation: A Unified Lattice Model",https://doi.org/10.1145/512950.512973,Citation only; source not redistributed; publisher/author terms apply,scholarly source,primary full article inspected; calibration I2,Scholarly citation and theorem-level comparison only,sound abstraction and fixpoint vocabulary,no,2026-09-19
"Barthe, Crespo, Kunz, Relational Verification Using Product Programs",https://doi.org/10.1007/978-3-642-21437-0_17,Citation only; source not redistributed; publisher/author terms apply,scholarly source,primary full article inspected; calibration I3,Scholarly citation and theorem-level comparison only,product-program foundation and alignment boundary,no,2026-09-19
"Godefroid, Partial-Order Methods for the Verification of Concurrent Systems",https://doi.org/10.1007/3-540-60761-7,Citation only; source not redistributed; publisher/author terms apply,scholarly monograph,primary monograph inspected for relevant theorems; calibration I4,Scholarly citation and theorem-level comparison only,partial-order reduction contrast,no,2026-09-19
"Necula, Proof-Carrying Code",https://doi.org/10.1145/263699.263712,Citation only; source not redistributed; publisher/author terms apply,scholarly source,primary full paper inspected; calibration I5,Scholarly citation and theorem-level comparison only,untrusted producer / smaller checker trust pattern,no,2026-09-16
"Li et al., EnCompass: Enhancing Agent Programming with Search Over Program Execution Paths",https://doi.org/10.52202/085713-3533,Citation only; source not redistributed; publisher/author terms apply,scholarly source,NeurIPS proceedings record plus full arXiv preprint and appendices inspected; calibration A1,Scholarly citation and theorem-level comparison only,motivation; probabilistic/mutable mechanisms excluded from the theorem,no,2026-09-19
"Hanus and Teegen, Memoized Pull-Tabbing for Functional Logic Programming",https://doi.org/10.1007/978-3-030-75333-7_4,Citation only; source not redistributed; publisher/author terms apply,scholarly source,Springer LNCS chapter record and full author preprint inspected; calibration A2,Scholarly citation and theorem-level comparison only,"choice identifiers, sharing, and call-time choice prior art",no,2026-09-19
"Hanus, Prott, Teegen, A Monadic Implementation of Functional Logic Programs",https://doi.org/10.1017/S1471068426100453,Citation only; source not redistributed; publisher/author terms apply,scholarly source,Cambridge TPLP record and full arXiv preprint inspected; calibration A3,Scholarly citation and theorem-level comparison only,newest shared-choice implementation line and nontermination boundary,no,2026-09-19
"Schrijvers et al., Search Combinators",https://doi.org/10.1017/S0956796813000095,Citation only; source not redistributed; publisher/author terms apply,scholarly source,primary full article inspected; calibration A4,Scholarly citation and theorem-level comparison only,programmable search-policy separation prior art,no,2026-09-16
"Pous, Symbolic Algorithms for Language Equivalence and Kleene Algebra with Tests",https://doi.org/10.1145/2676726.2677007,Citation only; source not redistributed; publisher/author terms apply,scholarly source,primary paper/author record and ACM cross-publication metadata inspected; proceedings DOI retained,Scholarly citation and theorem-level comparison only,symbolic equivalence and explicit-certificate non-optimality boundary,no,2026-09-19
"Cook, The Complexity of Theorem-Proving Procedures",https://doi.org/10.1145/800157.805047,Citation only; source not redistributed; publisher/author terms apply,scholarly source,primary paper inspected,Scholarly citation and theorem-level comparison only,SAT/NP-completeness foundation,no,2026-09-16
"Papadimitriou and Yannakakis, The Complexity of Facets (and Some Facets of Complexity)",https://doi.org/10.1016/0022-0000(84)90068-0,Citation only; source not redistributed; publisher/author terms apply,scholarly source,primary article inspected,Scholarly citation and theorem-level comparison only,DP / Boolean-hierarchy foundation,no,2026-09-19
ACM acmart 2.20 production family,https://ctan.org/pkg/acmart,LPPL 1.3,publication tool,official CTAN package record and supplied class header checked,unchanged paper-build dependency; excluded from standalone artifact,template provenance and format only,no,2026-09-19
ACM Reference Format bibliography style,https://ctan.org/pkg/acmart,Public domain according to supplied file header,publication tool,supplied style header checked,unchanged paper-build dependency,reference formatting only,no,2026-09-19
TOPLAS author guidelines,https://dl.acm.org/journal/toplas/author-guidelines,Website; not redistributed,official workflow source,"official URL re-opened; access/fetch failure in this environment, so current text was not treated as verified",not a manuscript reference,live-route and initial-upload verification hold,no,2026-09-19
ACM author submission instructions,https://www.acm.org/publications/authors/submissions,Website; not redistributed,official workflow source,"official URL re-opened; access/fetch failure in this environment, so current text was not treated as verified",not a manuscript reference,live template/submission-route verification hold,no,2026-09-19
ACM authorship policy,https://www.acm.org/publications/policies/new-acm-policy-on-authorship,Website; not redistributed,official workflow source,"official URL re-opened; access/fetch failure in this environment, so current text was not treated as verified",not a manuscript reference,human accountability and substantive AI-research disclosure hold,no,2026-09-19
Python standard library,https://docs.python.org/3/library/,Python Software Foundation License,runtime dependency,preinstalled interpreter; no packages downloaded,unmodified runtime dependency; not vendored,all executable finite checks,no,2026-09-16
"Różowski, A Complete Quantitative Axiomatisation of Behavioural Distance of Regular Expressions",https://doi.org/10.4230/LIPIcs.ICALP.2024.149,Citation only; source not redistributed; publisher page states CC BY 4.0,scholarly source,"official DROPS record, abstract, and exported BibTeX inspected",Scholarly citation and boundary comparison only,shortest-distinguishing-word distance has a sound and complete quantitative axiomatization,no,2026-09-19
"Turkenburg et al., Constructing Witnesses for Lower Bounds on Behavioural Distances",https://doi.org/10.4230/LIPIcs.CSL.2026.25,Citation only; source not redistributed; publisher page states CC BY 4.0,scholarly source,"official DROPS record, abstract, and exported BibTeX inspected",Scholarly citation and boundary comparison only,inductive sound and approximately complete lower-bound witnesses for labelled Markov-chain behavioural distance,no,2026-09-19
