phi,psi,phi_satisfiable,psi_satisfiable,early_budget,late_budget,expected_least_budget,producer_least_budget,oracle_least_budget,certificate_accepted,states
true-0,true-0,True,True,1,2,1,1,1,True,2
true-0,false-0,True,False,1,2,2,2,2,True,3
true-0,x,True,True,2,3,2,2,2,True,5
true-0,not-x,True,True,2,3,2,2,2,True,4
true-0,contradiction-1,True,False,3,4,4,4,4,True,6
true-0,tautology-1,True,True,3,4,3,3,3,True,5
true-0,xor-like-2,True,True,5,6,5,5,5,True,15
true-0,contradiction-2,True,False,5,6,6,6,6,True,11
false-0,true-0,False,True,1,2,1,1,1,True,2
false-0,false-0,False,False,1,2,equivalent,equivalent,equivalent,True,3
false-0,x,False,True,2,3,2,2,2,True,5
false-0,not-x,False,True,2,3,2,2,2,True,4
false-0,contradiction-1,False,False,3,4,equivalent,equivalent,equivalent,True,6
false-0,tautology-1,False,True,3,4,3,3,3,True,5
false-0,xor-like-2,False,True,5,6,5,5,5,True,15
false-0,contradiction-2,False,False,5,6,equivalent,equivalent,equivalent,True,11
x,true-0,True,True,1,3,1,1,1,True,2
x,false-0,True,False,1,3,3,3,3,True,6
x,x,True,True,2,4,2,2,2,True,5
x,not-x,True,True,2,4,2,2,2,True,4
x,contradiction-1,True,False,3,5,5,5,5,True,9
x,tautology-1,True,True,3,5,3,3,3,True,5
x,xor-like-2,True,True,5,7,5,5,5,True,15
x,contradiction-2,True,False,5,7,7,7,7,True,14
not-x,true-0,True,True,1,3,1,1,1,True,2
not-x,false-0,True,False,1,3,3,3,3,True,5
not-x,x,True,True,2,4,2,2,2,True,5
not-x,not-x,True,True,2,4,2,2,2,True,4
not-x,contradiction-1,True,False,3,5,5,5,5,True,8
not-x,tautology-1,True,True,3,5,3,3,3,True,5
not-x,xor-like-2,True,True,5,7,5,5,5,True,15
not-x,contradiction-2,True,False,5,7,7,7,7,True,13
contradiction-1,true-0,False,True,1,4,1,1,1,True,2
contradiction-1,false-0,False,False,1,4,equivalent,equivalent,equivalent,True,6
contradiction-1,x,False,True,2,5,2,2,2,True,5
contradiction-1,not-x,False,True,2,5,2,2,2,True,4
contradiction-1,contradiction-1,False,False,3,6,equivalent,equivalent,equivalent,True,9
contradiction-1,tautology-1,False,True,3,6,3,3,3,True,5
contradiction-1,xor-like-2,False,True,5,8,5,5,5,True,15
contradiction-1,contradiction-2,False,False,5,8,equivalent,equivalent,equivalent,True,14
tautology-1,true-0,True,True,1,4,1,1,1,True,2
tautology-1,false-0,True,False,1,4,4,4,4,True,6
tautology-1,x,True,True,2,5,2,2,2,True,5
tautology-1,not-x,True,True,2,5,2,2,2,True,4
tautology-1,contradiction-1,True,False,3,6,6,6,6,True,9
tautology-1,tautology-1,True,True,3,6,3,3,3,True,5
tautology-1,xor-like-2,True,True,5,8,5,5,5,True,15
tautology-1,contradiction-2,True,False,5,8,8,8,8,True,14
xor-like-2,true-0,True,True,1,6,1,1,1,True,2
xor-like-2,false-0,True,False,1,6,6,6,6,True,16
xor-like-2,x,True,True,2,7,2,2,2,True,5
xor-like-2,not-x,True,True,2,7,2,2,2,True,4
xor-like-2,contradiction-1,True,False,3,8,8,8,8,True,19
xor-like-2,tautology-1,True,True,3,8,3,3,3,True,5
xor-like-2,xor-like-2,True,True,5,10,5,5,5,True,15
xor-like-2,contradiction-2,True,False,5,10,10,10,10,True,24
contradiction-2,true-0,False,True,1,6,1,1,1,True,2
contradiction-2,false-0,False,False,1,6,equivalent,equivalent,equivalent,True,11
contradiction-2,x,False,True,2,7,2,2,2,True,5
contradiction-2,not-x,False,True,2,7,2,2,2,True,4
contradiction-2,contradiction-1,False,False,3,8,equivalent,equivalent,equivalent,True,14
contradiction-2,tautology-1,False,True,3,8,3,3,3,True,5
contradiction-2,xor-like-2,False,True,5,10,5,5,5,True,15
contradiction-2,contradiction-2,False,False,5,10,equivalent,equivalent,equivalent,True,19
