bibkey,entry_type,creators,title,venue,locator,year,identifier_kind,identifier,record_url,verification_basis,checked_on,notes
li2025encompass,inproceedings,Zhening Li and Armando Solar-Lezama and Yisong Yue and Stephan Zheng,{EnCompass}: Enhancing Agent Programming with Search Over Program Execution Paths,Advances in Neural Information Processing Systems 38,pages=117170--117234,2025,DOI,10.52202/085713-3533,https://doi.org/10.52202/085713-3533,"DOI-backed scholarly record; identifier syntax, uniqueness, and frozen metadata consistency checked",2026-09-19,Official NeurIPS proceedings record and DOI rechecked on 2026-09-19; arXiv retained only as a readable preprint.
hanus2020memoized,incollection,Michael Hanus and Finn Teegen,Memoized Pull-Tabbing for Functional Logic Programming,Functional and Constraint Logic Programming,volume=12560; pages=57--73,2021,DOI,10.1007/978-3-030-75333-7_4,https://doi.org/10.1007/978-3-030-75333-7_4,"DOI-backed scholarly record; identifier syntax, uniqueness, and frozen metadata consistency checked",2026-09-19,Springer LNCS 12560 chapter record and author publication page rechecked on 2026-09-19; WFLP 2020 revised proceedings were published in 2021.
hanus2026monadic,article,Michael Hanus and Kai-Oliver Prott and Finn Teegen,A Monadic Implementation of Functional Logic Programs,Theory and Practice of Logic Programming,pages=1--40,2026,DOI,10.1017/S1471068426100453,https://doi.org/10.1017/S1471068426100453,"DOI-backed scholarly record; identifier syntax, uniqueness, and frozen metadata consistency checked",2026-09-19,Author publication/BibTeX record and Cambridge journal DOI rechecked on 2026-09-19; arXiv retained only as a preprint.
schrijvers2013search,article,Tom Schrijvers and Guido Tack and Pieter Wuille and Horst Samulowitz and Peter J. Stuckey,Search Combinators,Journal of Functional Programming,volume=23; number=3; pages=269--305,2013,DOI,10.1017/S0956796813000095,https://doi.org/10.1017/S0956796813000095,"DOI-backed scholarly record; identifier syntax, uniqueness, and frozen metadata consistency checked",2026-09-16,
kiselyov2005backtracking,inproceedings,"Kiselyov, Oleg and Shan, {Chung-chieh} and Friedman, Daniel P. and Sabry, Amr","Backtracking, Interleaving, and Terminating Monad Transformers",Proceedings of the Tenth ACM SIGPLAN International Conference on Functional Programming,pages=192--203,2005,DOI,10.1145/1086365.1086390,https://doi.org/10.1145/1086365.1086390,"DOI-backed scholarly record; identifier syntax, uniqueness, and frozen metadata consistency checked",2026-09-16,
antoy2011pulltabbing,article,Sergio Antoy,On the Correctness of Pull-Tabbing,Theory and Practice of Logic Programming,volume=11; number=4--5; pages=713--730,2011,DOI,10.1017/S1471068411000263,https://doi.org/10.1017/S1471068411000263,"DOI-backed scholarly record; identifier syntax, uniqueness, and frozen metadata consistency checked",2026-09-19,Cambridge journal record and DOI rechecked on 2026-09-19.
hanus2013curry,incollection,Michael Hanus,Functional Logic Programming: From Theory to {Curry},Programming Logics,volume=7797; pages=123--168,2013,DOI,10.1007/978-3-642-37651-1_6,https://doi.org/10.1007/978-3-642-37651-1_6,"DOI-backed scholarly record; identifier syntax, uniqueness, and frozen metadata consistency checked",2026-09-16,
kiselyov2013extensible,inproceedings,Oleg Kiselyov and Amr Sabry and Cameron Swords,Extensible Effects: An Alternative to Monad Transformers,Proceedings of the 2013 ACM SIGPLAN Symposium on Haskell,pages=59--70,2013,DOI,10.1145/2503778.2503791,https://doi.org/10.1145/2503778.2503791,"DOI-backed scholarly record; identifier syntax, uniqueness, and frozen metadata consistency checked",2026-09-16,
plotkin2009handlers,inproceedings,Gordon D. Plotkin and Matija Pretnar,Handlers of Algebraic Effects,Programming Languages and Systems,volume=5502; pages=80--94,2009,DOI,10.1007/978-3-642-00590-9_7,https://doi.org/10.1007/978-3-642-00590-9_7,"DOI-backed scholarly record; identifier syntax, uniqueness, and frozen metadata consistency checked",2026-09-16,
barthe2011product,inproceedings,Gilles Barthe and Juan Manuel Crespo and C{\'e}sar Kunz,Relational Verification Using Product Programs,FM 2011: Formal Methods,volume=6664; pages=200--214,2011,DOI,10.1007/978-3-642-21437-0_17,https://doi.org/10.1007/978-3-642-21437-0_17,"DOI-backed scholarly record; identifier syntax, uniqueness, and frozen metadata consistency checked",2026-09-19,"Springer chapter DOI, authors, FM 2011 venue, volume, and pages rechecked on 2026-09-19."
benton2004simple,inproceedings,Nick Benton,Simple Relational Correctness Proofs for Static Analyses and Program Transformations,Proceedings of the 31st ACM SIGPLAN-SIGACT Symposium on Principles of Programming Languages,pages=14--25,2004,DOI,10.1145/964001.964003,https://doi.org/10.1145/964001.964003,"DOI-backed scholarly record; identifier syntax, uniqueness, and frozen metadata consistency checked",2026-09-16,
banerjee2023relational,article,Anindya Banerjee and Ramana Nagasamudram and David A. Naumann and Mohammad Nikouei,A Relational Program Logic with Data Abstraction and Dynamic Framing,ACM Transactions on Programming Languages and Systems,volume=44; number=4; articleno=25; numpages=136,2023,DOI,10.1145/3551497,https://doi.org/10.1145/3551497,"DOI-backed scholarly record; identifier syntax, uniqueness, and frozen metadata consistency checked",2026-09-16,
sousa2016cartesian,inproceedings,Marcelo Sousa and Isil Dillig,Cartesian Hoare Logic for Verifying k-Safety Properties,Proceedings of the 37th ACM SIGPLAN Conference on Programming Language Design and Implementation,pages=57--69,2016,DOI,10.1145/2908080.2908092,https://doi.org/10.1145/2908080.2908092,"DOI-backed scholarly record; identifier syntax, uniqueness, and frozen metadata consistency checked",2026-09-16,
barthe2009relational,inproceedings,Gilles Barthe and Benjamin Gr{\'e}goire and Santiago Zanella B{\'e}guelin,Formal Certification of Code-Based Cryptographic Proofs,Proceedings of the 36th ACM SIGPLAN-SIGACT Symposium on Principles of Programming Languages,pages=90--101,2009,DOI,10.1145/1480881.1480894,https://doi.org/10.1145/1480881.1480894,"DOI-backed scholarly record; identifier syntax, uniqueness, and frozen metadata consistency checked",2026-09-16,
yang2007relational,article,Hongseok Yang,Relational Separation Logic,Theoretical Computer Science,volume=375; number=1--3; pages=308--334,2007,DOI,10.1016/j.tcs.2006.12.036,https://doi.org/10.1016/j.tcs.2006.12.036,"DOI-backed scholarly record; identifier syntax, uniqueness, and frozen metadata consistency checked",2026-09-16,
abate2021trace,article,Carmine Abate and Roberto Blanco and {\c S}tefan Ciob{\^a}c{\u a} and Adrien Durier and Deepak Garg and C{\u a}t{\u a}lin Hri{\c t}cu and Marco Patrignani and {\'E}ric Tanter and J{\'e}r{\'e}my Thibault,An Extended Account of Trace-Relating Compiler Correctness and Secure Compilation,ACM Transactions on Programming Languages and Systems,volume=43; number=4; articleno=14; numpages=48,2021,DOI,10.1145/3460860,https://doi.org/10.1145/3460860,"DOI-backed scholarly record; identifier syntax, uniqueness, and frozen metadata consistency checked",2026-09-16,
jagadeesan1991fully,article,Radha Jagadeesan and Keshav Pingali and Prakash Panangaden,A Fully Abstract Semantics for a First-Order Functional Language with Logic Variables,ACM Transactions on Programming Languages and Systems,volume=13; number=4; pages=577--625,1991,DOI,10.1145/115372.115371,https://doi.org/10.1145/115372.115371,"DOI-backed scholarly record; identifier syntax, uniqueness, and frozen metadata consistency checked",2026-09-16,
tardieu2007esterel,article,Olivier Tardieu,A Deterministic Logical Semantics for Pure {Esterel},ACM Transactions on Programming Languages and Systems,volume=29; number=2; articleno=8; numpages=26,2007,DOI,10.1145/1216374.1216376,https://doi.org/10.1145/1216374.1216376,"DOI-backed scholarly record; identifier syntax, uniqueness, and frozen metadata consistency checked",2026-09-16,
kalvala2009transformations,article,Sara Kalvala and Richard Warburton and David Lacey,Program Transformations Using Temporal Logic Side Conditions,ACM Transactions on Programming Languages and Systems,volume=31; number=4; articleno=14; numpages=48,2009,DOI,10.1145/1516507.1516509,https://doi.org/10.1145/1516507.1516509,"DOI-backed scholarly record; identifier syntax, uniqueness, and frozen metadata consistency checked",2026-09-16,
botincan2013parallelization,article,Matko Botin{\v c}an and Mike Dodds and Suresh Jagannathan,Proof-Directed Parallelization Synthesis by Separation Logic,ACM Transactions on Programming Languages and Systems,volume=35; number=2; articleno=8; numpages=60,2013,DOI,10.1145/2491522.2491525,https://doi.org/10.1145/2491522.2491525,"DOI-backed scholarly record; identifier syntax, uniqueness, and frozen metadata consistency checked",2026-09-16,
cousot1977abstract,inproceedings,Patrick Cousot and Radhia Cousot,Abstract Interpretation: A Unified Lattice Model for Static Analysis of Programs by Construction or Approximation of Fixpoints,Proceedings of the 4th ACM SIGACT-SIGPLAN Symposium on Principles of Programming Languages,pages=238--252,1977,DOI,10.1145/512950.512973,https://doi.org/10.1145/512950.512973,"DOI-backed scholarly record; identifier syntax, uniqueness, and frozen metadata consistency checked",2026-09-19,"Official ACM POPL record, authors, pages, year, and DOI rechecked on 2026-09-19."
giacobazzi1998logical,article,Roberto Giacobazzi and Francesca Scozzari,A Logical Model for Relational Abstract Domains,ACM Transactions on Programming Languages and Systems,volume=20; number=5; pages=1067--1109,1998,DOI,10.1145/293677.293680,https://doi.org/10.1145/293677.293680,"DOI-backed scholarly record; identifier syntax, uniqueness, and frozen metadata consistency checked",2026-09-16,
reps2010finite,article,Thomas Reps and Mooly Sagiv and Alexey Loginov,Finite Differencing of Logical Formulas for Static Analysis,ACM Transactions on Programming Languages and Systems,volume=32; number=6; articleno=24; numpages=55,2010,DOI,10.1145/1749608.1749613,https://doi.org/10.1145/1749608.1749613,"DOI-backed scholarly record; identifier syntax, uniqueness, and frozen metadata consistency checked",2026-09-16,
inverso2022bounded,article,Omar Inverso and Ermenegildo Tomasco and Bernd Fischer and Salvatore La Torre and Gennaro Parlato,Bounded Verification of Multi-threaded Programs via Lazy Sequentialization,ACM Transactions on Programming Languages and Systems,volume=44; number=1; articleno=1; numpages=50,2022,DOI,10.1145/3478536,https://doi.org/10.1145/3478536,"DOI-backed scholarly record; identifier syntax, uniqueness, and frozen metadata consistency checked",2026-09-16,
jeannet2010relational,article,Bertrand Jeannet and Alexey Loginov and Thomas Reps and Mooly Sagiv,A Relational Approach to Interprocedural Shape Analysis,ACM Transactions on Programming Languages and Systems,volume=32; number=2; articleno=5; numpages=52,2010,DOI,10.1145/1667048.1667050,https://doi.org/10.1145/1667048.1667050,"DOI-backed scholarly record; identifier syntax, uniqueness, and frozen metadata consistency checked",2026-09-16,
paige1982finite,article,Robert Paige and Shaye Koenig,Finite Differencing of Computable Expressions,ACM Transactions on Programming Languages and Systems,volume=4; number=3; pages=402--454,1982,DOI,10.1145/357172.357177,https://doi.org/10.1145/357172.357177,"DOI-backed scholarly record; identifier syntax, uniqueness, and frozen metadata consistency checked",2026-09-16,
clarke1986automatic,article,Edmund M. Clarke and E. Allen Emerson and A. Prasad Sistla,Automatic Verification of Finite-State Concurrent Systems Using Temporal Logic Specifications,ACM Transactions on Programming Languages and Systems,volume=8; number=2; pages=244--263,1986,DOI,10.1145/5397.5399,https://doi.org/10.1145/5397.5399,"DOI-backed scholarly record; identifier syntax, uniqueness, and frozen metadata consistency checked",2026-09-16,
plotkin1981sos,techreport,Gordon D. Plotkin,A Structural Approach to Operational Semantics,Aarhus University,number=DAIMI FN-19,1981,REPORT/REPRINT,DAIMI FN-19; 2004 reprint DOI 10.1016/j.jlap.2004.05.001,https://doi.org/10.1016/j.jlap.2004.05.001,Institutional technical-report identity corroborated by the later journal reprint record,2026-09-16,The BibTeX cites the 1981 Aarhus report; the URL is the 2004 reprint of the same work.
milner1989communication,book,Robin Milner,Communication and Concurrency,Prentice Hall,,1989,ISBN,978-0-13-115007-2,https://www.research.ed.ac.uk/en/publications/communication-and-concurrency/,University research-portal book record and ISBN,2026-09-16,No DOI assigned.
hennessy1985algebraic,article,Matthew Hennessy and Robin Milner,Algebraic Laws for Nondeterminism and Concurrency,Journal of the ACM,volume=32; number=1; pages=137--161,1985,DOI,10.1145/2455.2460,https://doi.org/10.1145/2455.2460,"DOI-backed scholarly record; identifier syntax, uniqueness, and frozen metadata consistency checked",2026-09-16,
park1981concurrency,inproceedings,David Park,Concurrency and Automata on Infinite Sequences,Theoretical Computer Science,volume=104; pages=167--183,1981,DOI,10.1007/BFb0017309,https://doi.org/10.1007/BFb0017309,"DOI-backed scholarly record; identifier syntax, uniqueness, and frozen metadata consistency checked",2026-09-16,
rutten2000coalgebra,article,Jan J. M. M. Rutten,Universal Coalgebra: A Theory of Systems,Theoretical Computer Science,volume=249; number=1; pages=3--80,2000,DOI,10.1016/S0304-3975(00)00056-6,https://doi.org/10.1016/S0304-3975(00)00056-6,"DOI-backed scholarly record; identifier syntax, uniqueness, and frozen metadata consistency checked",2026-09-16,
vanglabbeek1990spectrum,inproceedings,Rob J. van Glabbeek,The Linear Time--Branching Time Spectrum,CONCUR '90,volume=458; pages=278--297,1990,DOI,10.1007/BFb0039066,https://doi.org/10.1007/BFb0039066,"DOI-backed scholarly record; identifier syntax, uniqueness, and frozen metadata consistency checked",2026-09-16,
larsen1991probabilistic,article,Kim Guldstrand Larsen and Arne Skou,Bisimulation through Probabilistic Testing,Information and Computation,volume=94; number=1; pages=1--28,1991,DOI,10.1016/0890-5401(91)90030-6,https://doi.org/10.1016/0890-5401(91)90030-6,"DOI-backed scholarly record; identifier syntax, uniqueness, and frozen metadata consistency checked",2026-09-16,
segala1995probabilistic,article,Roberto Segala and Nancy Lynch,Probabilistic Simulations for Probabilistic Processes,Nordic Journal of Computing,volume=2; number=2; pages=250--273,1995,DBLP,journals/njc/SegalaL95,https://dblp.org/rec/journals/njc/SegalaL95,DBLP journal record and author-hosted publication page,2026-09-16,The 1995 Nordic Journal of Computing article has no DOI in the consulted record.
baier2008principles,book,Christel Baier and Joost-Pieter Katoen,Principles of Model Checking,MIT Press,,2008,ISBN,978-0-262-02649-9,https://mitpress.mit.edu/9780262026499/principles-of-model-checking/,MIT Press book record and ISBN,2026-09-16,No DOI used for the monograph.
namjoshi2001certifying,inproceedings,Kedar S. Namjoshi,Certifying Model Checkers,Computer Aided Verification,volume=2102; pages=2--13,2001,DOI,10.1007/3-540-44585-4_2,https://doi.org/10.1007/3-540-44585-4_2,"DOI-backed scholarly record; identifier syntax, uniqueness, and frozen metadata consistency checked",2026-09-16,
necula1997pcc,inproceedings,George C. Necula,Proof-Carrying Code,Proceedings of the 24th ACM SIGPLAN-SIGACT Symposium on Principles of Programming Languages,pages=106--119,1997,DOI,10.1145/263699.263712,https://doi.org/10.1145/263699.263712,"DOI-backed scholarly record; identifier syntax, uniqueness, and frozen metadata consistency checked",2026-09-16,
miller2011foundational,inproceedings,Dale Miller,A Proposal for Broad Spectrum Proof Certificates,Certified Programs and Proofs,volume=7086; pages=54--69,2011,DOI,10.1007/978-3-642-25379-9_6,https://doi.org/10.1007/978-3-642-25379-9_6,"DOI-backed scholarly record; identifier syntax, uniqueness, and frozen metadata consistency checked",2026-09-16,
burch1992symbolic,article,Jerry R. Burch and Edmund M. Clarke and Kenneth L. McMillan and David L. Dill and L. J. Hwang,Symbolic Model Checking: $10^{20}$ States and Beyond,Information and Computation,volume=98; number=2; pages=142--170,1992,DOI,10.1016/0890-5401(92)90017-A,https://doi.org/10.1016/0890-5401(92)90017-A,"DOI-backed scholarly record; identifier syntax, uniqueness, and frozen metadata consistency checked",2026-09-16,
mcmillan1993symbolic,book,Kenneth L. McMillan,Symbolic Model Checking,Kluwer Academic Publishers,,1993,DOI,10.1007/978-1-4615-3190-6,https://doi.org/10.1007/978-1-4615-3190-6,"DOI-backed scholarly record; identifier syntax, uniqueness, and frozen metadata consistency checked",2026-09-16,Springer eBook DOI checked.
biere1999bmc,inproceedings,Armin Biere and Alessandro Cimatti and Edmund M. Clarke and Yunshan Zhu,Symbolic Model Checking without {BDDs},Tools and Algorithms for the Construction and Analysis of Systems,volume=1579; pages=193--207,1999,DOI,10.1007/3-540-49059-0_14,https://doi.org/10.1007/3-540-49059-0_14,"DOI-backed scholarly record; identifier syntax, uniqueness, and frozen metadata consistency checked",2026-09-16,
cimatti2002nusmv,inproceedings,Alessandro Cimatti and Edmund M. Clarke and Enrico Giunchiglia and Fausto Giunchiglia and Marco Pistore and Marco Roveri and Roberto Sebastiani and Armando Tacchella,{NuSMV} 2: An OpenSource Tool for Symbolic Model Checking,Computer Aided Verification,volume=2404; pages=359--364,2002,DOI,10.1007/3-540-45657-0_29,https://doi.org/10.1007/3-540-45657-0_29,"DOI-backed scholarly record; identifier syntax, uniqueness, and frozen metadata consistency checked",2026-09-16,
clarke2000cegar,inproceedings,Edmund M. Clarke and Orna Grumberg and Somesh Jha and Yuan Lu and Helmut Veith,Counterexample-Guided Abstraction Refinement,Computer Aided Verification,volume=1855; pages=154--169,2000,DOI,10.1007/10722167_15,https://doi.org/10.1007/10722167_15,"DOI-backed scholarly record; identifier syntax, uniqueness, and frozen metadata consistency checked",2026-09-16,
clarke2018model,book,Edmund M. Clarke and Thomas A. Henzinger and Helmut Veith and Roderick Bloem,Handbook of Model Checking,Springer,,2018,DOI,10.1007/978-3-319-10575-8,https://doi.org/10.1007/978-3-319-10575-8,"DOI-backed scholarly record; identifier syntax, uniqueness, and frozen metadata consistency checked",2026-09-16,
akers1978bdd,article,Sheldon B. Akers,Binary Decision Diagrams,IEEE Transactions on Computers,volume=C-27; number=6; pages=509--516,1978,DOI,10.1109/TC.1978.1675141,https://doi.org/10.1109/TC.1978.1675141,"DOI-backed scholarly record; identifier syntax, uniqueness, and frozen metadata consistency checked",2026-09-16,
bryant1986graph,article,Randal E. Bryant,Graph-Based Algorithms for Boolean Function Manipulation,IEEE Transactions on Computers,volume=C-35; number=8; pages=677--691,1986,DOI,10.1109/TC.1986.1676819,https://doi.org/10.1109/TC.1986.1676819,"DOI-backed scholarly record; identifier syntax, uniqueness, and frozen metadata consistency checked",2026-09-16,
bryant1992symbolic,article,Randal E. Bryant,Symbolic Boolean Manipulation with Ordered Binary-Decision Diagrams,ACM Computing Surveys,volume=24; number=3; pages=293--318,1992,DOI,10.1145/136035.136043,https://doi.org/10.1145/136035.136043,"DOI-backed scholarly record; identifier syntax, uniqueness, and frozen metadata consistency checked",2026-09-16,
minato1993zdd,inproceedings,"Minato, {Shin-ichi}",Zero-Suppressed {BDDs} for Set Manipulation in Combinatorial Problems,Proceedings of the 30th Design Automation Conference,pages=272--277,1993,DOI,10.1145/157485.164890,https://doi.org/10.1145/157485.164890,"DOI-backed scholarly record; identifier syntax, uniqueness, and frozen metadata consistency checked",2026-09-16,
hopcroft1971equivalence,techreport,John E. Hopcroft and Richard M. Karp,A Linear Algorithm for Testing Equivalence of Finite Automata,Cornell University,number=TR 71-114,1971,HANDLE,hdl:1813/5958,https://hdl.handle.net/1813/5958,Cornell eCommons technical-report record,2026-09-16,Permanent institutional handle.
bonchi2013nfa,inproceedings,Filippo Bonchi and Damien Pous,Checking {NFA} Equivalence with Bisimulations up to Congruence,Proceedings of the 40th Annual ACM SIGPLAN-SIGACT Symposium on Principles of Programming Languages,pages=457--468,2013,DOI,10.1145/2429069.2429124,https://doi.org/10.1145/2429069.2429124,"DOI-backed scholarly record; identifier syntax, uniqueness, and frozen metadata consistency checked",2026-09-16,
pous2015symbolic,inproceedings,Damien Pous,Symbolic Algorithms for Language Equivalence and {Kleene Algebra with Tests},Proceedings of the 42nd Annual ACM SIGPLAN-SIGACT Symposium on Principles of Programming Languages,pages=357--368,2015,DOI,10.1145/2676726.2677007,https://doi.org/10.1145/2676726.2677007,"DOI-backed scholarly record; identifier syntax, uniqueness, and frozen metadata consistency checked",2026-09-19,"POPL proceedings DOI retained and rechecked on 2026-09-19. ACM also exposes the same work through the SIGPLAN Notices issue DOI 10.1145/2775051.2677007; the two identifiers describe different publication containers, not different papers."
moore1956gedanken,incollection,Edward F. Moore,Gedanken-Experiments on Sequential Machines,Automata Studies,pages=129--153,1956,CATALOG,CiNii CRID 1571417125841224448,https://cir.nii.ac.jp/crid/1571417125841224448,Library/catalog record for the Automata Studies chapter,2026-09-16,No DOI assigned to the 1956 chapter.
nerode1958linear,article,Anil Nerode,Linear Automaton Transformations,Proceedings of the American Mathematical Society,volume=9; number=4; pages=541--544,1958,DOI,10.1090/S0002-9939-1958-0135681-9,https://doi.org/10.1090/S0002-9939-1958-0135681-9,"DOI-backed scholarly record; identifier syntax, uniqueness, and frozen metadata consistency checked",2026-09-16,
cook1971complexity,inproceedings,Stephen A. Cook,The Complexity of Theorem-Proving Procedures,Proceedings of the Third Annual ACM Symposium on Theory of Computing,pages=151--158,1971,DOI,10.1145/800157.805047,https://doi.org/10.1145/800157.805047,"DOI-backed scholarly record; identifier syntax, uniqueness, and frozen metadata consistency checked",2026-09-16,
karp1972reducibility,incollection,Richard M. Karp,Reducibility among Combinatorial Problems,Complexity of Computer Computations,pages=85--103,1972,DOI,10.1007/978-1-4684-2001-2_9,https://doi.org/10.1007/978-1-4684-2001-2_9,"DOI-backed scholarly record; identifier syntax, uniqueness, and frozen metadata consistency checked",2026-09-16,
papadimitriou1984facet,article,Christos H. Papadimitriou and Mihalis Yannakakis,The Complexity of Facets (and Some Facets of Complexity),Journal of Computer and System Sciences,volume=28; number=2; pages=244--259,1984,DOI,10.1016/0022-0000(84)90068-0,https://doi.org/10.1016/0022-0000(84)90068-0,"DOI-backed scholarly record; identifier syntax, uniqueness, and frozen metadata consistency checked",2026-09-19,"Journal title, authors, volume, issue, pages, year, and corrected DOI rechecked on 2026-09-19."
rozowski2024distance,inproceedings,Wojciech R{\'o}{\.z}owski,A Complete Quantitative Axiomatisation of Behavioural Distance of Regular Expressions,"51st International Colloquium on Automata, Languages, and Programming (ICALP 2024)",volume=297; pages=149:1--149:20,2024,DOI,10.4230/LIPIcs.ICALP.2024.149,https://doi.org/10.4230/LIPIcs.ICALP.2024.149,Official DROPS publisher record and exported BibTeX inspected,2026-09-19,Official DROPS record and exported BibTeX rechecked on 2026-09-19; the work studies a regular-expression behavioural-distance metric rather than shared-world instruction budgets.
turkenburg2026witnesses,inproceedings,Ruben Turkenburg and Harsh Beohar and Franck van Breugel and Clemens Kupke and Jurriaan Rot,Constructing Witnesses for Lower Bounds on Behavioural Distances,34th EACSL Annual Conference on Computer Science Logic (CSL 2026),volume=363; pages=25:1--25:22,2026,DOI,10.4230/LIPIcs.CSL.2026.25,https://doi.org/10.4230/LIPIcs.CSL.2026.25,Official DROPS publisher record and exported BibTeX inspected,2026-09-19,"Official DROPS record, authors, CSL 2026 volume/pages, DOI, and CC-BY publication metadata rechecked on 2026-09-19; the probabilistic-distance setting remains distinct."
garey1979computers,book,Michael R. Garey and David S. Johnson,Computers and Intractability: A Guide to the Theory of NP-Completeness,W. H. Freeman,,1979,ISBN/LCCN,978-0-7167-1045-5; LCCN 78012361,https://lccn.loc.gov/78012361,Library of Congress-linked catalog identity and ISBN,2026-09-16,No DOI used for the monograph.
meyer1972regular,inproceedings,Albert R. Meyer and Larry J. Stockmeyer,The Equivalence Problem for Regular Expressions with Squaring Requires Exponential Space,13th Annual Symposium on Switching and Automata Theory,pages=125--129,1972,DOI,10.1109/SWAT.1972.29,https://doi.org/10.1109/SWAT.1972.29,"DOI-backed scholarly record; identifier syntax, uniqueness, and frozen metadata consistency checked",2026-09-16,
godefroid1996partial,book,Patrice Godefroid,Partial-Order Methods for the Verification of Concurrent Systems,Springer,volume=1032,1996,DOI,10.1007/3-540-60761-7,https://doi.org/10.1007/3-540-60761-7,"DOI-backed scholarly record; identifier syntax, uniqueness, and frozen metadata consistency checked",2026-09-19,Official Springer book record and DBLP metadata rechecked on 2026-09-19; LNCS volume 1032 and DOI agree.
peled1993all,inproceedings,Doron Peled,"All from One, One for All: On Model Checking Using Representatives",Computer Aided Verification,volume=697; pages=409--423,1993,DOI,10.1007/3-540-56922-7_34,https://doi.org/10.1007/3-540-56922-7_34,"DOI-backed scholarly record; identifier syntax, uniqueness, and frozen metadata consistency checked",2026-09-16,
valmari1991stubborn,incollection,Antti Valmari,Stubborn Sets for Reduced State Space Generation,Advances in Petri Nets 1990,volume=483; pages=491--515,1991,DOI,10.1007/3-540-53863-1_36,https://doi.org/10.1007/3-540-53863-1_36,"DOI-backed scholarly record; identifier syntax, uniqueness, and frozen metadata consistency checked",2026-09-16,"Springer LNCS chapter type, pages, publisher, and DOI checked."
godefroid1991partial,inproceedings,Patrice Godefroid and Pierre Wolper,Using Partial Orders for the Efficient Verification of Deadlock Freedom and Safety Properties,Computer Aided Verification,volume=575; pages=332--342,1992,DOI,10.1007/3-540-55179-4_32,https://doi.org/10.1007/3-540-55179-4_32,"Springer chapter record: authors/title/volume/pages/publication year/DOI checked",2026-10-06,"CAV 1991 proceedings published in 1992; stale year and chapter DOI corrected to match the supplied BibTeX. Publisher metadata and abstract only; no full-text verification claimed."
mazurkiewicz1987trace,incollection,Antoni Mazurkiewicz,Trace Theory,Petri Nets: Applications and Relationships to Other Models of Concurrency,volume=255; pages=279--324,1987,DOI,10.1007/3-540-17906-2_30,https://doi.org/10.1007/3-540-17906-2_30,"DOI-backed scholarly record; identifier syntax, uniqueness, and frozen metadata consistency checked",2026-09-16,
winskel1987event,incollection,Glynn Winskel,Event Structures,Petri Nets: Applications and Relationships to Other Models of Concurrency,volume=255; pages=325--392,1987,DOI,10.1007/3-540-17906-2_31,https://doi.org/10.1007/3-540-17906-2_31,"DOI-backed scholarly record; identifier syntax, uniqueness, and frozen metadata consistency checked",2026-09-16,
kahn1974semantics,inproceedings,Gilles Kahn,The Semantics of a Simple Language for Parallel Programming,Information Processing 74,pages=471--475,1974,DBLP,conf/ifip/Kahn74,https://dblp.org/rec/conf/ifip/Kahn74,DBLP IFIP Congress record,2026-09-16,No DOI assigned in the consulted record.
vanderAalst1998workflow,article,Wil M. P. van der Aalst,The Application of Petri Nets to Workflow Management,"Journal of Circuits, Systems, and Computers",volume=8; number=1; pages=21--66,1998,DOI,10.1142/S0218126698000043,https://doi.org/10.1142/S0218126698000043,"DOI-backed scholarly record; identifier syntax, uniqueness, and frozen metadata consistency checked",2026-09-16,
